,title,text,predicted_label,True_label
1584,"### 上海高校科技产业方兴未艾  八年总产值十四亿利税七亿
",['上海 高校 科技 产业 方兴未艾 八年 总产值 十四亿利税 七亿 本报 上海 １０月２１日 电     记者 萧关根 报道 ： “ 经商 定 ， 市 银行 从 明年 起 将 从 科技 贷款 额度 中 划出 ２０００万元 向 本市 高校 进行 风险投资 。 建议 政府 有关部门 对 利率 ５％ 进行 贴息 。 同时 对 高校 科技 产业 在 试免 所得税 期间 ， 从 纯 利润 中 抽取 １０％ 作为 扩大 再生产 发展 基金 ， 以 逐步 扩大 风险投资 的 实力 。 ” 市政府 研究室 、 市教卫办 、 市 高教局 在 关于 上海 高校 发展 科技 产业 的 课题报告 中 提出 这样 的 对策 。 上海 高校 科技 产业 起步 早 、 潜力 大 。 目前 ， 全市 共有 各类 科技 企业 １４０多个 。 高校 有 ８０％ 的 科研 人员 和 ９０％ 的 研究 经费 投入 了 应用 和 发展 研究 。 在 全市 重点 工业 项目 会战 中 ， 高校 承担 ６７项 攻关 任务 ， 占 总 招标 数 的 １ ／ ３ 。 上海 高校 科技 产业 在 不 长 的 时间 内 已 显示 出 强大 的 生命力 。 据 不 完全 统计 ， １９８２年 以来 ， 高校 科技 产业 的 总产值 达 １４亿元 ， 利税 达 ７亿元 ， 不仅 为 经济 建设 作出 了 贡献 ， 而且 增加 了 学校 的 收入 ， 成 了 高校 经费 来源 的 重要 渠道 。 上海市政府研究室 、 市教卫办 和 高教局 遵照 市政府 领导 的 指示 ， 对 上海 高校 科技 产业 的 发展 进程 和 现状 进行 调查 分析 ， 考察 借鉴 了 国内外 一些 著名 大学 的 经验 ， 对 上海 高校 科技 产业 下一步 的 发展 提出 了 目标 和 对策 。 全市 高校 科技 产业 以 １９８９年 的 产值 和 利税 为 基数 ， 产值 前 两年 每年 翻一番 ， 后 ３年 平均 递增 ５０％ ， 利税率 递增 ５０％ ， 争取 “ 八五 ” 期末 实现 总产值 ８—１０亿 ， 利税 ２ — ３亿元 。 要 重点 扶植 十几个 投入 产出率 高 （ 人均 产值 ２０万元 、 利税 ２万元 ） 、 市场 前景 好 、 有 发展 前途 的 高新技术 产品 ， 作为 高校 发展 高新技术 产业 的 导向型 产品 。 重点 大学 和 理工科 院校 都 要 开发 出 一两个 能 代表 学校 学术 水平 的 重点 产品 ， 为 形成 以 高校 为 核心 的 高新技术 科学 园区 作 准备 。'],Agriculture,Economy
2279,"### 为宋平一行饯行  朝鲜劳动党中央举行宴会
",['为 宋平 一行 饯行 朝鲜劳动党中央 举行 宴会 本报 平壤 １０月１２日 电     记者 周必忠 报道 ： 朝鲜劳动党中央委员会 今晚 在 酒岩山宾馆 举行 宴会 ， 为 中共中央政治局 常委 宋平 及其 一行 饯行 。 朝鲜劳动党中央政治局 委员 、 党中央 书记 桂应泰 在 宴会 上 讲话 时 说 ， 在 我们 迎接 朝鲜劳动党建党 ４５周年 之 际 ， 宋平 同志 前来 访问 ， 使 我们 高高兴兴 地 欢度 节日 。 访问 期间 ， 宋平 同志 参观 了 工厂 、 农村 、 西海水闸 等 许多 地方 ， 对 朝鲜 人民 进行 社会主义 建设 、 争取 祖国 的 自主 和平统一 是 一个 巨大 的 鼓舞 。 宋平 在 讲话 中 说 ， 朝鲜劳动党建党 ４５周年 的 庆祝 活动 非常 成功 ， 说明 朝鲜劳动党 在 人民群众 中 有着 崇高 的 威信 。 在 亲切 友好 的 气氛 中 ， 宾主 共赞 中朝 友谊 ， 表示 要 努力 使 这种 友谊 不断 发展 。'],Politics,Politics
15,### 坚持改造和自制设备  张家口拔丝制钉厂勤俭办厂  目前年生产能力为建厂初的１３．３倍,['坚持 改造 和 自制 设备 张家口 拔丝制钉厂勤俭办厂 目前 年 生产能力 为 建厂 初 的 １３．３倍 本报讯     河北省张家口市拔丝制钉厂 发扬 勤俭办 企业 的 优良 传统 ， ２５年 来 坚持 改造 和 自制 各种 大中型 设备 ， 到 目前 这个 厂 自制 和 改造 成功 的 设备 已 达 １５０台 （ 套 ） ， 占 全厂 设备 的 ２ ／ ３ ， 为 国家 节约 资金 ２００多万元 。 增强 了 企业 的 发展 后劲 。 张家口市拔丝制钉厂 是 １９６４年 从 市 五金厂 分出 的 一个 小 厂 。 通过 改造 和 自制 设备 ， 目前 年 生产能力 达到 ８０００吨 ， 产品 品种 规格 达到 ３０个 ， 分别 为 建厂 初期 的 １３．３倍 和 两倍 。 产品 质量 也 显著 提高 。 全厂 在 连续 ３年 产量 、 产值 、 利润 以 平均 ２０％ 的 幅度 递增 的 情况 下 ， 今年 产品 销售 、 实现 利润 分别 提前 ３个 月 超额 ３０％ 和 １１．９％ 完成 全年 计划 。 （ 杜建春 ， 田广义 ）'],Agriculture,Economy
1988,"### 高效节能强循环罩式炉研制成功
",['高效 节能 强 循环 罩式炉 研制 成功 本报讯     一种 用于 精密 铜带 光亮 退火 的 强 循环 罩式炉 ， 由 北京市 东升热处理工业炉总公司 和 北京市铜材厂 研制 成功 ， 并 通过 鉴定 。 对于 这 项 重要 成果 ， 专家们 认为 ， 它 的 各项 技术 指标 具有 国际 先进 水平 ， 将 为 推动 我 国 无 氧化 热处理 新技术 新工艺 的 应用 起 重要 作用 ， 并 为 企业 创造 良好 的 经济效益 和 社会效益 ， 有着 广泛 的 推广 价值 。 精密 铜带 用途 广泛 ， 印刷 电路板 、 汽车 水箱 、 海底电缆 、 弹壳 制造 等 都 需要 它 。 然而 ， 这种 精密 铜带 的 成批 生产 ， 技术 复杂 ， 难度 大 ， 其 热处理 设备 只能 依靠 进口 ， 花费 了 国家 的 大量 外汇 。 针对 这个 问题 ， 东升公司 和 铜材 厂 工程 技术 人员 经过 艰苦 探索 ， 反复 试验 ， 研制 出 大 风量 、 强 循环 耐 高温 风机 安装 在 炉台 上 ， 形成 强大 的 对流 系统 ， 使 炉温 均匀性 达到 正负 ５摄氏度 以内 。 同时 ， 采用 新型 的 密封 结构 和 耐火材料 ， 从而 保证 了 炉内 的 气密 和 良好 的 保温 性能 。 此外 ， 他们 还 研制 了 高温 风机 变速 所需 的 功率转换器 ， 保证 在 所 制定 的 退火 工艺 下 ， 高温 风机 的 正常 运行 ， 采用 了 专用 的 风水 联合 冷却 装置 ， 取代 了 传统 的 分流 冷却系统 ， 不仅 减少 了 设备 基础 投资 ， 也 加速 了 冷却 速度 ， 从而 大幅度 提高 了 罩式炉 的 生产率 。 用 这种 新型 设备 生产 铜带 ， 一 是 质量好 ， 表面 光亮 ， 无 氧化 ， 力学 性能 稳定 ， 金相 组织 均匀 。 二 是 耗能 小 、 产量 高 、 无污染 。 三 是 可 实现 控制 过程 的 自动化 ， 大大 减轻 了 工人 的 劳动强度 。 这种 设备 不仅 适用于 铜带 、 铜丝 、 铜管 的 光亮 退火 ， 而且 也 可 广泛 地 用于 冷轧 带钢 、 钢丝 的 光亮 退火 。 该 设备 自 １９９０年４月２９日 一次 调试 成功 以来 ， 已 连续 运行 半年 ， 生产 出 １１００多吨 合格 的 精密 光亮铜带 ， 不仅 解决 了 国内 急需 ， 并且 出口 香港 ， 为 国家 创汇 。 （ 林尊鼎 ）'],Space,Economy
2152,"### 李鹏会见外国企业家
",['李鹏 会见 外国 企业家 据 新华社 北京 １０月２４日 电     国务院 总理 李鹏 今天下午 在 人民大会堂 会见 了 出席 第１０次 企业管理 国际 讨论 会 来自 １９个 国家 和 地区 的 外国 企业家 。 李鹏 介绍 了 当前 的 经济 形势 、 对外开放 政策 和 在 经济改革 方面 所 采取 的 措施 。 李鹏 说 ， 讨论会 已经 在 中国 举行 了 １０次 ， 这 说明 它 是 有 生命力 的 。 他 相信 会议 将 为 增进 中国 和 外国 企业 的 合作 继续 发挥 积极 作用 。'],Politics,Politics
895,"### 黎政府不同意奥恩去法国避难
",['黎政府 不 同意 奥恩 去 法国 避难 据 新华社 贝鲁特 １０月１４日 电     黎巴嫩政府 一位 高级 官员 １４日 宣布 ， 黎巴嫩政府 强烈 反对 前 政府军 司令 奥恩 在 对 他 的 盗用 公款 等 罪行 作出 判决 之 前 离开 黎巴嫩 。 这位 政府 官员 还 说 ， 黎巴嫩政府 已经 把 这个 要求 通知 了 法国 政府 。 奥恩 是 在 １３日 逃 到 在 贝鲁特东区 的 法国大使馆 避难 的 。 法国 外长 罗朗·迪马 说 ， 法国 为 奥恩 到 法 避难 问题 正 同 黎巴嫩 当局 谈判 。 １４日 ， 法国 大使 在 贝鲁特 西区 会见 了 黎巴嫩 总统 赫拉维 。 据 黎政府 官员 说 ， 赫拉维 总统 早先 曾 同意 奥恩 去 巴黎 避难 ， 条件 是 他 不得 参加 反对 黎巴嫩政府 的 政治 活动 。 但是 ， 赫拉维 要求 奥恩 赔偿 指控 他 盗用 国库 的 ７５００万美元 。 在 １３日 举行 的 内阁 会议 上 ， 多数 人 不 同意 奥恩 在 对 他 作出 判决 前 离开 黎巴嫩 。 为此 ， 会议 要求 司法 部长 对此 立案 审查 。'],Politics,Politics
1415,"### 阿扎尼亚泛非主义者大会主席病逝
",['阿扎尼亚 泛非主义者 大会 主席 病逝 阿扎尼亚 泛非主义者 大会 发表 声明 说 ， 该 组织 主席 泽法尼亚·莫托彭 因 患 肺癌 和 急性肺炎 二十三日 在 南非 约翰内斯堡医院 病逝 ， 终年 七十八岁 。 声明 说 ， 莫托彭 在 创建 泛非主义者 运动 和 恢复 阿扎尼亚 泛非主义者 大会 在 全国 的 机构 方面 起到 了 重要 作用 。 莫托彭 在 反对 种族隔离 斗争 中 曾多次 被捕 。 一九七六年 六月 ， 他 曾 直接 参与 计划 和 发动 索韦 托 起义 ， 并 派 年轻人 到 国外 去 接受 军事训练 。 一九八八年 他 因 身体 状况 不断 恶化 被 南非 当局 释放 。'],Politics,Politics
2077,"### 马来西亚最高元首访沪
",['马来西亚 最高 元首 访 沪 新华社 上海 １０月７日 电     马来西亚 最高 元首 、 亚洲曲棍球联合会 主席 苏丹·阿兹兰·沙阿 ， 结束了 对 上海 的 友好 访问 ， 今天下午 乘 专机 离 沪 返 京 。 今天 中午 ， 上海市 市长 朱镕基 在 西郊宾馆 宴请 了 马来西亚 贵宾 。 阿兹兰·沙阿 一行 是 于 昨天下午 由 中国奥林匹克委员会 副主席 路金栋 陪同 从 北京 抵达 上海 的 。 在 沪 期间 ， 贵宾们 参观 了 上海闵行经济技术开发区 ， 并 乘 游艇 游览 了 黄浦江 ， 观看 上海杂技团 演出 。'],Politics,Politics
1301,"### 兰新路“卡脖子”段有改善
",['兰新路 “ 卡 脖子 ” 段 有 改善 本报 乌鲁木齐电     兰新公路 星星峡 至 哈密 的 １９７公里 “ 卡脖子 ” 路段 如今 已 被 武警交通六支队 官兵 换 成 了 国家 二 至 三级 标准 的 优良 公路 。 该路 １０月１６日 通过 国家 和 当地 政府 的 竣工 验收 。 ， ， ， （ 汪云训 ）'],Sports,Transport
2239,"### 泰国电视台一招——看亚运有奖
",['泰国电视台 一招 — — 看 亚运 有奖 本报 记者     刘爱成 “ 北京亚运会 的 吉祥物 是 什么 ？ ” “ 这次 亚运会 上 第一个 打破 世界纪录 的 是 谁 ？ ” “ 泰国 第一个 获得 奖牌 的 是 谁 ？ ” … … 泰国第三频道 电视台 从 亚运会 开幕 那天 起 ， 每天 晚上 在 播 完 亚运 新闻 后 ， 向 观众 提出 一个 有关 问题 。 观众 立即 通过 电话 抢答 。 如果 答对 了 ， 可以 得到 奖品 ， 播音员 当场 公布 获奖者 名单 。 奖品 有 北京亚运会 的 纪念 汗衫 、 帽子 等 。 “ 我们 安排 这 套 节目 的 目的 ， 是 为了 让 更多 的 泰国 观众 关心 亚运会 。 ” 该 电视台 人士 在 接受 本报 记者 采访 时 这样 说 ， “ 虽然 这些 问题 都 较 简单 ， 但是 只有 平时 关心 亚运会 的 人 才能 回答 得 既 迅速 又 准确 。 ” 这 一 节目 大大 增加 了 观众 对 亚运会 节目 的 收视率 。 每晚 全国各地 至少 有 １００多 人 打电话 抢答 问题 。 在 等待 抢答 问题 时 ， 电视台 选 播 一些 有关 中国 ， 尤其 是 北京 的 名胜古迹 、 风土人情 、 市场 及 人民 生活 的 电视片 ， 以 增进 泰国 人民 对 中国 的 了解 。 ， （ 本报 曼谷 １０月５日 电 ）'],Sports,Sport
255,"### 正确对待“第一信号”
",['正确 对待 “ 第一信号 ” 项金红 第１１届 亚运会 成功 地 降下 了 帷幕 ， 其 意义 正 越来越 深刻 地 体现 出来 ， 被 全国 人民 所 普遍 认识 。 想当初 ， 就要 不要 在 北京 开 亚运会 的 问题 ， 可谓 众说纷纭 ， 说 什么 的 都 有 。 如果 当初 按 某些 同志 的 意见办 ， 让 １１届 亚运会 与 我 国 擦肩而过 ， 那 实在 是 一代人 的 遗憾 。 这 就 给 我们 提出 了 一个 如何 处理 来自 群众 的 “ 第一信号 ” 问题 。 把 人民群众 的 呼声 当作 “ 第一信号 ” ， 确实 是 我们 党 加强 与 人民群众 血肉 联系 的 一项 重大 措施 。 问题 是 ， 我们 最初 捕捉 到 在 一些 重要 问题 上 的 “ 第一信号 ” ， 常常 是 多种 声音 的 复合音 。 随着 社会主义 民主政治 的 推进 ， 各种 声音 会 越来 越多 。 如果 等到 完全 一致 再 去 干 事情 ， 恐怕 什么 都 办 不成 。 对 “ 第一信号 ” ， 首先 是 要 认真 、 及时 、 全面 地 搜集 。 尤其 对 不同 意见 、 反对 的话 更 要 注意 听 。 然后 ， 再 进行 分析 ， 在 充分 进行 可行性 论证 后 ， 确定 方案 ， 不 妨 再来 个 几 上 几下 ， 尽可能 多 地 争取 群众 的 支持 、 理解 ， 从而 取得 共识 ， 使 我们 的 方针 、 政策 更 趋于 合理 、 完善 。 如 三峡 开发 工程 我们 是 这样做 的 。 如果 在 “ 第一信号 ” 面前 ， 一个 领导者 总是 举棋不定 ， 或者 该 办 的 事情 不敢 办 ， 无疑 会 贻误 工作 。 一项 重大 决策 出台 时 ， 群众 的 议论 是 难免 的 ， 有 不同 看法 也是 正常 的 。 善于 把 重大 的 决策 交给 人民群众 ， 化为 群众 的 自觉 行动 ， 这 就要 加强 思想 政治 工作 和 宣传 鼓动 工作 ， 使 “ 第一信号 ” 的 主旋律 鲜明 、 突出 。 亚运会 的 成功 ， 最大 的 成功 在 会前 。 从 北京市 开始 ， “ 迎 亚运 ５００天 宣传 ” 、 “ 迎 亚运 ４００天 宣传 ” … … 一直 到 江泽民 同志 在 天安门广场 点燃 “ 亚运圣火 ” 并 燃 遍 大江 南北 ， 全国 人民 都 增添 亚运 意识 ， 形成 １１亿 人 的 最强音 。 “ 政 之 所 兴 ， 在 顺 民心 ” ， １１亿 人民 都 动员 起来 ， 还有什么 困难 不能 克服 ？'],Politics,Politics
1352,"### 萨利姆眼中的中国和非洲
",['萨利姆 眼中 的 中国 和 非洲 本报 记者     李红     柯月霖 金秋 十月 的 一天 上午 ， 我们 有 机会 采访 了 正在 中国 访问 的 非洲 统一 组织 秘书长 萨利姆·艾哈迈德·萨利姆 。 记者 在 常驻 坦桑尼亚 时 曾 与 他 数度 谋面 ， 这次 重逢 分外 高兴 。 萨利姆 秘书长 仍然 是 那么 仪表 堂堂 ， 神采奕奕 ， 见到 我们 时 格外 热情 ， 畅谈 了 他 的 访华 观感 和 对 非洲 局势 等 问题 的 看法 。 非洲 国家 与 中国 的 关系 是 一个 榜样 提到 中国 与 非洲 国家 的 友好 合作关系 ， 萨利姆 眉宇 间 流露 出 满意 和 兴奋 的 神情 。 他 说 ， 中国 与 非洲 国家 有着 长期 的 友好 合作关系 ， 无论 是 在 昔日 反帝 反 殖 、 争取 民族 独立 的 斗争 中 ， 还是 在 今天 捍卫 政治 独立 、 发展 民族 经济 的 斗争 中 ， 中国 始终 站 在 支持 非洲 人民 进步 事业 的 最前列 。 中国 是 个 大国 ， 但 也是 个 发展 中 国家 ， 自身 并不 富裕 ， 却 始终 未 停止 过 向 众多 非洲 国家 提供 大量 宝贵 的 援助 。 今天 ， 加强 非洲 与 中国 的 团结 合作 有着 非常 重要 的 意义 。 它 不仅 有利于 中非 双方 ， 也 有助于 建立 国际 政治 经济 新秩序 。 非洲 国家 与 中国 的 关系 为 南方 国家 树立 了 一个 榜样 。 每次 访华 都 发现 有 新变化 萨利姆 可说 是 中国 人民 的 老朋友 了 。 他 早 在 一九六三年 时 曾 作为 一个 年轻 的 非洲 学生 领袖 访华 ， 见到 了 周恩来 总理 等 中国 党政 领导人 。 一九六九年 任 驻华 大使 ， 为 促进 中坦 两国 人民 的 友谊 作出 了 贡献 。 在 他 担任 驻 联合国 大使 期间 ， 为 恢复 我 国 在 联合国 的 合法 席位 倾注 了 他 全部 的 精力 ， 赢得 了 中国 人民 的 钦佩 。 他 多次 访华 。 最近 一次 是 一九八四年 九月 作为 坦桑尼亚 总理 率 政府 代表团 访华 。 他 满怀 深情 地说 “ 我 已 相隔 六年 没 来 中国 了 ” ， “ 每次 访华 都 发现 有 新 的 变化 ， 一九八四年 来华 时 ， 看到 了 中国 改革 开放 政策 的 成果 ， 这次 变化 更 明显 ， 它 表现 在 城市建设 、 人民 生活 及 精神 风貌 等 各 个 方面 ” 。 作为 非统 组织 秘书长 ， 他 强调 此次 访华 目的 首先 是 巩固 非洲 与 中国 的 友好 合作关系 ， 第二 是 再次 突出 在 目前 国际形势 下 进一步 密切 非统 组织 及其 成员国 与 中国 的 关系 的 重要性 。 他 说 ， “ 我 与 李鹏 总理 阁下 、 外交部 长阁 下 及 其他 中国 官员 举行 的 会谈 进一步 加强 了 我们 相互 之间 的 了解 与 友谊 。 中国 方面 再次 保证 将 继续 支持 非洲 人民 在 捍卫 政治 独立 、 特别 是 在 经济发展 与 社会 进步 方面 所作 的 各种 努力 ” 。 解决 债务 问题 是 非洲 国家 的 当务之急 在 谈话 中 ， 话题 自然 转向 了 非洲 大陆 。 当 我们 问 到 非洲 国家 目前 面临 的 主要 任务 是什么 时 ， 他 明确 地 告诉 我们 ： 非洲 国家 目前 首要 的 任务 是 在 捍卫 已 取得 的 民族 独立 的 前提 下 ， 努力 发展 民族 经济 ， 改善 人民 生活 ， 消除 贫穷 落后 ， 促进 社会 进步 。 提到 非洲 的 困难 ， 他 不 禁 双 眉 紧 蹙 。 他 指出 ， 债务 问题 是 非洲 大陆 面临 的 最大 痛苦 。 非洲 国家 外债 已 高达 二千六百亿美元 。 且不说 偿还 本金 ， 目前 非洲 国家 每年 仅 偿付 西方 债权国 利息 的 数额 就 已 超过 了 这些 国家 每年 向 非洲 提供 贷款 及 各种 援助 的 总和 。 债务 包袱 已 成为 非洲 经济发展 的 最大 障碍 ， 它 已 超过 了 非洲 国家 的 承受能力 。 解决 债务 问题 是 非洲 国家 发展 的 当务之急 。 而 要 解决 这个 问题 ， 改变 不 合理 的 国际 经济 秩序 则 是 重要 关键 。 联合 起来 才能 带来 更大 发展 萨利姆 认为 ， 当前 的 世界 经济 环境 不利于 非洲 国家 的 发展 ， 现有 国际 经济 秩序 不利于 发展 中 国家 ， 包括 非洲 国家 的 生存 与 发展 ， 所以 非洲 国家 之间 首先 要 建立 牢固 的 经济 合作关系 ， 如 建立 非洲 经济 共同体 、 非洲 共同 市场 等 区域性 合作 组织 。 只有 联合 起来 了 ， 才能 带来 更大 发展 的 可能 。 非洲 的 发展 进步 只能 依靠 非洲人 自己 。 他 批评 某些 西方 国家 把 “ 援助 ” 与 所谓 “ 民主化 进程 ” 联系 起来 的 作法 。 萨利姆 神情 严肃 地 指出 ： 非洲 人民 为 争取 独立自主 已 战斗 多年 。 我们 没有人 反对 民主 ， 也 不 想 为此 论争 ， 但 我们 决不 赞同 民主 只是 某 个 国家 或 某些 人 的 “ 专利品 ” ， 每个 国家 都 有权 根据 自己 的 利益 、 文化 传统 及 具体 国情 来 决定 民主化 进程 。 我们 不能 接受 任何 附带 政治 条件 的 “ 援助 ” ， 也 不 同意 将 “ 援助 ” 与 “ 民主化 进程 ” 混淆 起来 的 作法 ， 因为 任何 附带 政治 条件 的 援助 都 势必 损害 受援 国 的 独立 与 主权 。 尽管 萨利姆 秘书长 谈兴 仍 浓 ， 但 已经 有人 进来 催促 他 去 亚非 学会 作 学术报告 了 。 我们 不得不 惋惜 地 停止 采访 ， 但 他 那 豪迈 的 谈吐 ， 深邃 的 思想 却 给 我们 留下 了 难忘 的 美好 印象 。 （ 附 图片 ）'],Politics,Politics
791,"### 我们的“秘诀”是什么？
",['我们 的 “ 秘诀 ” 是 什么 ？ 刘吉 第十一届 亚洲 运动会 开幕 以来 ， 中国 体育 健儿 奋勇 拚搏 ， 取得 了 令人 瞩目 的 可喜 成绩 。 一些 外国 朋友 和 新闻 记者 带 着 探询 的 口气 问 我 ： 中国 体育 代表团 的 秘诀 是 什么 ？ 你们 是 怎么 抓 工作 的 ？ 你们 代表团 有 几位 心理医生 ？ 我 回答 他们 ： 我们 是 两个 文明 一起 抓 ， 两副 担子 一起 挑 ， 两个 成果 一起 要 。 中国 体育 代表团 组建 以来 ， 一边 注意 改善 运动员 的 训练 与 生活环境 ， 狠抓 强化 训练 ， 科学 训练 ； 一边 狠抓 运动员 的 思想 教育 ， 加强 运动队 的 精神文明 建设 。 我们 在 各 运动队 相继 建立 了 党支部 ， 加强 党 、 团 工作 ； 对 运动员 进行 了 以 爱国主义 为 核心 的 “ 爱国 、 奉献 、 团结 、 拚搏 ” 的 系列 教育 ； 我们 组织 运动员 认真 学习 马克思主义哲学 ， 学习 《 孙子兵法 》 和 《 三十六计 》 ， 引导 运动员 在 生活 、 训练 和 比赛 场上 聪明 起来 ； 我们 还 编写 了 《 运动员礼仪指导手册 》 ， 对 运动员 进行 了 礼仪 教育 。 精神文明 建设 在 竞技场 上 发挥 了 巨大 作用 。 在 竞技场 上 ， 中国 运动员们 把 祖国 的 利益 看 得 高于 一切 。 游泳 健儿 沈坚强 ， 训练 中 腰部 拉伤 ， 每 做 一个 动作 都 疼痛 ， 他 在 每次 比赛 之 前 ， 都 要 打 上 五针 封闭 。 就是这样 ， 他 为 祖国 赢得 了 五块 金牌 。 当 五星红旗 随着 雄壮 的 国歌 升起 时 ， 这 条 硬汉子 再 也 控制不住 自己 ， 落 了 泪 。 在 竞技场 上 ， 中国 运动员们 把 集体 的 荣誉 视为 生命 。 体操 运动员 国林 跃 在 男子 团体 比赛 中 不慎 被 单杠 撞破 了 下颔 ， 顿时 鲜血 直流 。 怎么 办 ？ 如果 退出 比赛 或 暂时 中止 比赛 ， 都 将 严重 影响 男子 团体 比赛 的 成绩 ， 只见 他 在 下颔 贴上 了 一块 创伤 贴 ， 咬 紧 了 双唇 ， 一直 坚持 到 比赛 结束 。 在 竞技场 上 ， 中国 运动员们 胜 不 骄 ， 败 不馁 。 中国 女子 垒球队 是 一支 实力 较 强 的 队伍 ， 但 在 首场 对 中国 台北队 比赛 中 ， 因 队员 心理 过于 紧张 ， 以 零 比 二 败北 。 垒球 队 的 姑娘们 不 埋怨 ， 不 泄气 ， 及时 召开 总结 会 ， 查找 心理 与 竞技 中 的 弱点 ， 重新 研究 制定 了 比赛 方案 ， 终于 以 十比零 相继 战胜 了 朝鲜队 和 南 朝鲜队 ， 以 七 比 零 战胜 了 日本队 ， 以 二 比 零 战胜 了 中国 台北队 。 这 几个 队 的 教练们 ， 望 着 这 群 首场 失利 后 重 抖 雄风 的 中国 姑娘 ， 不禁 赞叹 ： “ 中国 的 姑娘们 简直 打疯了 ， 没有人 能 扼制 住 她们 。 ” 中国女子举重队 是 两个 文明 一起 抓 的 典范 ， 在 赛场 上 拿 了 九块 金牌 ， 有 五项 超世界纪录 。 她们 训练 中 很 刻苦 ， 要求 严格 ， 团结 协作 、 互相帮助 、 互相 鼓励 ， 受到 中国 代表团 的 表扬 。 实践 是 最 权威 最 公正 的 裁判 。 中国 体育 代表团 的 实践 揭示 了 这样 一条 真理 ── 物质文明 与 精神文明 必须 一起 抓 ， 灿烂 的 精神文明 之 花 终将 结 出 丰硕 的 竞技 之 果 。'],Sports,Sports
2409,"### 江苏设立金陵科技著作出版基金
",['江苏 设立 金陵 科技 著作 出版 基金 据 新华社 南京 １０月１３日 电 （ 记者 牟维旭 ） 江苏省 设立 金陵科技 著作 出版 基金 ， 有 重点 地 支持 优秀 科技 著作 出版 。 科技 著作 、 特别 是 学术 专著 ， 因 专业性 强 、 读者 面 窄 而 难以 出版 。 江苏省科技出版社 采取 “ 以 丰 补欠 ” 的 办法 ， 每年 拿出 ３０—４０万元 来 补贴 科技 专著 的 出版 ， 去年 共 出书 ３００多种 。 近日 ， 基金 管理 委员会 已 正式 成立 ， 并 对 资助 出版 的 著 作作 了 有关 规定 。'],History,Art
638,"### 田纪云会见日本三井访华团
",['田纪云 会见 日本 三井 访华团 据 新华社 北京 １０月１２日 电 （ 记者 曹凤元 ） 国务院 副总理 田纪云 今晚 在 会见 日本 客人 时 说 ， 今年 中国 农业 将 有 个 大 丰收 。 他 说 ， 中国 今年 粮食 产量 有 可能 超过 １９８４年 的 历史 最高 水平 ， 达到 ４．２亿公吨 以上 。 棉花 、 油料 、 糖料 等 经济作物 也 将 获得 大 丰收 。 田纪云 会见 的 是 由 社长 熊谷直彦 率领 的 三井物产株式会社 首脑 访华 团 。 他 对 客人们 说 ， 中国 工业 生产 今年 ６ 月份 以后 稳步 回升 ， 预计 有望 达到 全年 增长 ６％ 的 目标 。 他 说 ， 今年 物价 比较 平稳 ， 通货膨胀 得到 了 有效 控制 。 熊谷直彦 说 ， 三井物产 这次 派出 由 ３０多位 首脑 组成 的 访华团 是 史无前例 的 ， 此举 说明 它 重视 同 中国 发展 关系 。 他 表示 ， 三井物产 愿意 参加 中国 能源 、 交通 等 方面 的 建设 ， 并 在 中国 建立 更多 的 合资 企业 。 田纪云 对此 表示 赞赏 。 他 说 ， 中国 方面 也 将 作出 努力 推动 双边 合作 。 他 还 希望 三井物 产能 在 开发 新疆塔里木油田 方面 提供 合作 。 熊谷直彦 表示 对此 很 感兴趣 。 会见 后 ， 田纪云 和 郑鸿业 等 中国 有关部门 负责人 出席 了 三井 物产 举行 的 宴会 。'],Economy,Economy
522,"### 奖牌榜
",['奖牌榜 金      银      铜      总计 中国     ， １８３ ， １０７ ， ， ５１ ， ３４１ 南朝鲜 ， ， ， ５４ ， ， ５４ ， ， ７３ ， １８１ 日本 ，     ， ３８ ， ， ６０ ， ， ７６ ， １７４ 朝鲜 ，     ， １２ ， ， ３１ ， ， ３９ ， ， ８２ 伊朗 ，     ，     ， ４ ， ， ， ６ ， ， ， ８ ， ， １８ 巴基斯坦 ， ，     ４ ， ， ， １ ， ， ， ７ ， ， １２ 印尼 ，       ，   ， ３ ， ， ， ６ ， ， ２１ ， ， ３０ 卡塔尔 ， ， ， ， ３ ， ， ， ２ ， ， ， １ ， ， ， ６ 泰 ， 国 ，     ， ， ２ ， ， ， ７ ， ， ， ８ ， ， １７ 马来西亚 ， ， ， ２ ， ， ， ２ ， ， ， ４ ， ， ， ８ 印度 ，         ， ， １ ， ， ， ８ ， ， １４ ， ， ２３ 蒙古 ， ，         ， １ ， ， ， ７ ， ， ， ９ ， ， １７ 菲律宾 ， ， ， ， １ ， ， ， ２ ， ， ， ７ ， ， １０ 叙利亚 ， ， ， ， １ ， ， ， ０ ， ， ， ２ ， ， ， ３ 阿曼 ， ，         ， １ ， ， ， ０ ， ， ， ０ ， ， ， １ 中国 台北 ， ， ， ０ ， ， １０ ， ， ２１ ， ， ３１ 香港     ， ， ， ０ ， ， ， ２ ， ， ， ５ ， ， ， ７ 斯里兰卡 ， ， ， ０ ， ， ， ２ ， ， ， １ ， ， ， ３ 新加坡 ， ， ， ， ０ ， ， ， １ ， ， ， ４ ， ， ， ５ 孟加拉国 ， ， ， ０ ， ， ， １ ， ， ， ０ ， ， ， １ 缅甸 ，         ， ， ０ ， ， ， ０ ， ， ， ２ ， ， ， ２ 老挝 ，         ， ， ０ ， ， ， ０ ， ， ， １ ， ， ， １ 澳门 ，       ，   ， ０ ， ， ， ０ ， ， ， １ ， ， ， １ 尼泊尔 ， ， ， ， ０ ， ， ， ０ ， ， ， １ ， ， ， １ 沙特     ， ， ， ０ ， ， ， ０ ， ， ， １ ， ， ， １ 总计      ， ３１０ ， ３０９ ， ３５７ ， ， ９７６'],History,Sport
1343,"### “双星”在青岛腾起
",['“ 双星 ” 在 青岛 腾起 本报 记者     吴昊 青岛市橡胶九厂 是 生产 运动鞋 的 专业厂 。 他们 的 “ 双星 ” 牌 运动鞋 ， 如今 已 行销 全国各地 ， 并 远销 欧亚美 ３０多个 国家 和 地区 。 去年 ， 该厂 共 完成 产值 １．４２亿元 ， 实现 税利 １３７５万元 （ 比 １９７９年 翻 了 两番 ） ， 居 全 行业 之 首 ； 到 今年 ９ 月底 ， 该厂 又 提前 ３个 月 完成 了 全年 的 产值 、 产量 、 利税 计划 。 从 １９８３年 开始 ， 我 国 运动鞋 行业 开展 厂际 竞赛 ， 对 １７项 经济 技术 指标 实行 综合 考评 ， 青岛橡胶九厂 获得 “ 七 连冠 ” 。 同时 该厂 被 先后 授予 “ 全国 思想 政治 工作 先进 企业 ” 、 “ 国家 二级 企业 ” 、 化工部 “ 六好 企业 ” 等 荣誉 称号 。 在 青岛海滨 ， 橡胶九厂 是 一颗 腾空而起 的 金星 。 九 厂 所以 能 取得 如此 成就 ， 很重要 的 一个 原因 ， 就是 他们 有 个 善于 做 思想 政治 工作 的 厂长 — — 汪海 。 他 坚持 党 的 领导 ， 坚持 社会主义 办 企业 的 原则 ， 把 全厂 职工 紧紧 地 团结 在 党 的 周围 ， 形成 了 强大 的 合力 。 汪海 是 全国 劳动模范 、 全国 “ 五一 ” 劳动 奖章 获得者 、 “ 全国 有 突出 贡献 的 管理 专家 ” ， 今年 又 荣获 了 “ 全国 思想 政治 工作 创新 奖 ” 特等奖 。 汪海 是 青岛 的 名人 ， 他 在 １９８６年 当 厂长 之 前 ， 有 长达 １０年 的 时间 任 橡胶九厂 的 党委 副书记 、 书记 。 再 往前 推 ， 他 当兵 的 时候 ， 是 连队 的 指导员 ， 有 多年 做 思想 政治 工作 的 经验 。 因此 ， 他 在 当 了 厂长 以后 ， 对 青岛市 的 企业家 说过 一句 对 大家 印象 很 深 的话 ： “ 中国 的 企业家 也 应该 是 政治家 。 ” 汪海 这些年 一直 在 实践 着 ： 怎样 把 橡胶 九 厂 办成 具有 中国 特色 的 社会主义 企业 。 用 他 自己 的 话说 ， 就是要 用 “ 共产党 的 办法 办好 社会主义 企业 ” 。 为了 达到 这个 目的 ， 汪海 既 反对 束缚 思想 的 “ 左 ” 的 教条主义 那 一套 ， 也 勇敢 地 抵制 了 淡化 思想 政治 工作 的 主张 。 他 把 国外 对 企业 的 先进 管理 与 党 的 优良 传统 结合 起来 ， 结合 本厂 实际 ， 创造 了 “ 三环 ” 、 “ 三轮 ” 、 “ 三原则 ” 的 “ 九九 ” 思想 政治 工作 法 。 “ 三环 ” 指 传统 的 方法 、 现代 的 方法 和 国外 的 方法 ； “ 三轮 ” 指 思想 政治 工作 为 前轮 ， 经济 手段 和 行政 措施 为 后 两轮 ； “ 三原则 ” 指 坚持 实事求是 的 原则 ， 思想 工作 和 经济 工作 融为一体 的 原则 ， 民主 透明 的 原则 ， 达到 继承 传统 、 借鉴 国外 、 走出 符合 实际 的 新路子 。 国庆节 前 ， 汪海 从 联邦德国 、 意大利 考察 回来 。 他 说 在 国外 的 时候 ， 有 个 鞋 老板 问 他 ， 中国 对 企业 的 管理 与 国外 对 企业 的 管理 ， 孰 优 孰劣 ？ 他 说 ， 我们 是 三个 轮子 一起 转 （ 即 思想 政治 工作 、 经济 手段 、 行政 措施 ） ， 你们 只有 经济 手段 一个 轮子 ， 当然 我们 优越 。 那位 外国 老板 表示 不 理解 。 汪海 说 ， 我们 学习 国外 的 先进 管理 比较 容易 ， 国外 企业学 我们 的 思想 政治 工作 很难 ， 因为 社会制度 不同 。 汪海 回到 北京 ， 正 赶上 亚运会 开幕 ， 看到 亚运会 的 准备 工作 搞 得 这样 好 ， 他 说 这 就是 “ 三轮 ” 齐 上 的 结果 。 只 靠 金钱 ， 没有 思想 政治 工作 和 行政 措施 ， 亚运会 是 不会 搞 得 这样 好 的 。 ３年 前 ， 在 一次 国外 举行 的 鞋业 博览会 上 ， 美国布仑克斯鞋业总公司 的 老板 问 汪海 ： 阁下 的 产品 为什么 叫 “ 双星 ” ？ 汪海 说 ： 这 两颗 星 ， 要 一颗 占领 中国 市场 ， 一颗 占领 世界 市场 。 说 得 那位 国外 同行 一个劲 喊 “ Ｏ Ｋ ” 。 今年 到 联邦德国 和 意大利 出访 ， 汪海 大摇大摆 地 提 着 两箱 鞋 样品 去 做生意 ， 在 意大利 他 遇到 了 一家 荷兰 公司 的 代表 ， 汪海 问 他 愿不愿 经营 中国鞋 ， 那位 代表 说 ： 不 ， 不 ， 中国 鞋 不好 。 订 了 合同 ， 我们 索赔 ， 你们 怎么 办 ？ 汪海 一听 就 火 了 ， 说 ， 阁 下 错 了 ， 本人 自任 厂长 以来 ， 只有 出口 做生意 的 历史 ， 没有 被 人 索赔 的 经验 ！ 当 汪海 把 自己 的 鞋 样品 拿出来 以后 ， 那位 外商 一看 大吃一惊 ， 连连 点头 。 当 那位 外商 把 他们 经营 的 鞋 拿 给 汪海 看 时 ， 汪海 连着 挑出 了 ４个 毛病 ， 并 说 ： 生产 这样 的 鞋 ， 在 我们 厂 ， 工人 要 罚款 ， 工长 要 撤职 ， 我 这个 厂长 也 要 写 检讨 的 。 说 得 那位 外商 很 不好意思 ， 连连 表示 ， 愿意 和 汪海 做生意 。 汪海 说 ， 只要 时刻 记住 自己 是 社会主义 的 厂长 ， 并 对 社会主义 的 优越性 坚信 不疑 ， 就会 浑身 是 胆 ， 浑身 是 劲 ， 即使 在 外国人 面前 ， 也 总 觉得 我们 乘 “ 三轮 ” 前进 ， 比 他们 优越 得 多 ！'],Sports,Economy
2454,"### 亚洲网坛第一双
",['亚洲 网坛 第一双 本报 记者     黄晴 ● 巴苏基·雅尤克 和 维博沃·苏珊娜 是 上届 亚运会 女 网 双打 冠军 ， ４日 她们 以 ２ ∶ ０ 战胜 南朝鲜 选手 ， 再度 夺冠 。 当 她俩 从 赛场 走出 ， 雅尤克 说 ： “ 为 印尼队 拿 了 第２块 金牌 ， 真 高兴 。 ” 记者 认为 她们 赢得 较 轻松 ， 苏珊娜 不以为然 ， 她说 ： “ 每 一 球 都是 尽全力 打的 。 ” 雅尤克 今年 近 ２０岁 ， 近 ２７岁 的 苏珊娜 已 做 母亲 。 雅尤克 雄心勃勃 ， 她 还 想 在 下届 亚运会 女 网 双打 中 一展 身手 ， 但 她说 ， 这 取决于 苏珊娜 ， 苏珊娜 也许 想要 更多 的 孩子 。 ● 在 男 网 双打 决赛 前 ， 夏嘉平 在 场外 和 工作人员 侃大山 ， 显得 神气 十足 。 他 说 ： “ 我 就是 一心 想 拿 金牌 ， 看到 国旗 升起来 。 ” 结果 ， 他 和 孟强华 以 ２ ∶ ０ 战胜 队友 潘兵 和 刘树华 。 赛后 ， 记者 问 潘兵 ， 他 和 刘树华 场上 表情 比较 轻松 ， 是否 因为 和 自己人 打 ， 求 胜心 不 那么 强 了 。 潘兵 否认 说 ： “ 我 脸上 带 着 笑 ， 心里 可是 急 得 很 哪 ” 。'],Sports,Sports
1329,"### 展示强盛国力和民族奋进风貌  香港报纸高度评价北京亚运会
",['展示 强盛 国力 和 民族 奋进 风貌 香港 报纸 高度评价 北京亚运会 据 新华社 香港 １０月８日 电     （ 记者 陈晓彬 ） 今天 ， 香港 各 大 报纸 纷纷 报道 第十一届 亚运会 在 北京 胜利 闭幕 ， 不少 报纸 的 社论 和 专论 均 祝贺 亚运会 圆满 成功 ， 称赞 中国 体育 健儿 的 优秀 成绩 ， 希望 亚运会 期间 中国 人民 表现 出来 的 精神文明 能 保持 下去 。 香港 各 报 纷纷 以 “ 相当 成功 ” 、 “ 圆满 闭幕 ” 、 “ 成功 的 ， 令人 感动 的 ” 、 “ 历史性 的 ” 、 “ 两星期 的 比赛 正 显示 亚洲 体坛 的 新时代 ” ， “ 盛大 而 收获 丰满 的 国际性 赛会 ” 等 赞赏 的 语言 形容 刚刚 结束 的 北京亚运会 。 对于 中国 运动员 在 此次 亚运会 上 所 取得 的 成绩 ， 许多 报纸 都 冠以 “ 骄人 ” 二 字 ， 有 的 报纸 认为 这 一 成绩 “ 已经 令 国际 体坛 刮目相看 。 ” 昨晚 ， 香港 的 电视台 迅速 转播 了 北京亚运会 闭幕式 的 盛况 。 今天 各 报刊 登 了 各 报 记者 从 北京 发回 的 详细 报道 。 香港 一些 报纸 发表 社论 说 ， “ 第十一届 亚运会 胜利 降下 帷幕 ， 中国 成功 地 举办 了 这次 国际 体育 盛会 ， 其 意义 不仅 在于 组织 的 周密 ， 也 不仅 在于 中国 一举 赢得 了 １８３枚 金牌 ， 更重要 的 是 以 这次 运动会 为契机 ， 向 全世界 展现 了 今日 中国 的 强盛 国力 和 中华民族 奋进 的 风貌 ” ； “ 北京亚运会 的 成果 远在 运动场 之外 。 ” “ 整个 亚运会 自 代表团 报到 以至 大会 闭幕 ， 主办 当局 一切 处理 得 井井有条 。 这 不 但 显示 了 中国 的 国力 ， 也是 中国政府 当局 组织 能力 、 人民 大众 积极 参与 的 一次 集体 展览 。 … … 亚运会 办 得 极好 ， 中国人 感到 光彩 。 ”'],Sports,Sports
638,"### 田纪云会见日本三井访华团
",['田纪云 会见 日本 三井 访华团 据 新华社 北京 １０月１２日 电 （ 记者 曹凤元 ） 国务院 副总理 田纪云 今晚 在 会见 日本 客人 时 说 ， 今年 中国 农业 将 有 个 大 丰收 。 他 说 ， 中国 今年 粮食 产量 有 可能 超过 １９８４年 的 历史 最高 水平 ， 达到 ４．２亿公吨 以上 。 棉花 、 油料 、 糖料 等 经济作物 也 将 获得 大 丰收 。 田纪云 会见 的 是 由 社长 熊谷直彦 率领 的 三井物产株式会社 首脑 访华 团 。 他 对 客人们 说 ， 中国 工业 生产 今年 ６ 月份 以后 稳步 回升 ， 预计 有望 达到 全年 增长 ６％ 的 目标 。 他 说 ， 今年 物价 比较 平稳 ， 通货膨胀 得到 了 有效 控制 。 熊谷直彦 说 ， 三井物产 这次 派出 由 ３０多位 首脑 组成 的 访华团 是 史无前例 的 ， 此举 说明 它 重视 同 中国 发展 关系 。 他 表示 ， 三井物产 愿意 参加 中国 能源 、 交通 等 方面 的 建设 ， 并 在 中国 建立 更多 的 合资 企业 。 田纪云 对此 表示 赞赏 。 他 说 ， 中国 方面 也 将 作出 努力 推动 双边 合作 。 他 还 希望 三井物 产能 在 开发 新疆塔里木油田 方面 提供 合作 。 熊谷直彦 表示 对此 很 感兴趣 。 会见 后 ， 田纪云 和 郑鸿业 等 中国 有关部门 负责人 出席 了 三井 物产 举行 的 宴会 。'],Economy,Politics
2233,"### 华约首脑会议将在布达佩斯举行
",['华约 首脑 会议 将 在 布达佩斯 举行 华沙 条约 成员国 首脑 会议 将 于 十一月三日 在 布达佩斯 举行 ， 这 将 是 关系 到 华约 前途 的 一次 重要 会议 。 据报道 ， 苏联 总统 戈尔巴乔夫 将 出席会议 。 正在 美国 访问 的 匈牙利 政府 总理 安托尔 说 ， 布达佩斯 华约 首脑 会议 对 华约 的 前途 来说 可能 是 一次 决定性 的 会议 。 他 认为 ， 如果 华约 继续 存在 下去 ， 最多 只能 起 协商 作用 。'],Politics,Politics
2460,"### 海湾危机与国际商品价格走向
",['海湾 危机 与 国际 商品 价格 走向 郭培兴 海湾 危机 爆发 以来 ， 国际市场 上 一些 商品 价格 出现 了 较大 的 波动 和 起伏 。 其中 最 引人 瞩目 的 是 石油 ， 其次 为 铝 和 一些 以 石油 为 基本 原料 的 有关 产品 如 塑料 、 化肥 、 苯 、 苯乙烯 和 乙烯 等 。 以 英国 北海 布伦特原油 现货价 为 例 ， 在 伊拉克 于 ８月２日 入侵 科威特 前 ， 即 ８月１日 油价 为 每桶 ２０．４３美元 ， 到 ８月６日 涨 到 每桶 ２６．６０美元 ， ２３日 上升 到 每桶 ３０．６５美元 ， 此后 虽 有 回降 ， 但 ９月 以来 又 出现 回升 之 势 ， ２４日 突破 了 ４０美元 ， １０月９日 达 每桶 ４１．６０美元 ， 接近 历史 最高 水平 。 较 ８月１日 涨 达 近 一倍 。 之所以 出现 这种 情况 ， 主要 是 由于 中东 是 世界 石油 的 一个 重要 生产 和 出口 地区 ， 随着 海湾 局势 的 不断紧张 ， 人们 担心 中东 油田 会 遭到 破坏 ， 油价 因而 猛涨 。 铝 ， ８月１日 伦敦 市场 现货 卖价 为 每吨 １７２１美元 ， 至 ８ 月底 涨 至 １８６６美元 ， 到 ９月１３日 更 突破 ２０００美元 ， 达 ２１４６美元 的 高点 ， 较 上 月初 上涨 了 ２４．７％ 。 铝 价 剧 涨 主要 是 海湾 地区 已 在 计划 或 正在 建设 中 的 几个 大型 铝厂 项目 ， 由于 海湾 危机 而 将 被 搁置 ， 市场 担心 供应 会 发生 短缺 。 如 今年 早些 时候 ， 法国 同 伊拉克 签订 协议 ， 拟 帮助 伊拉克 建设 一个 年产 ２１．５万吨 的 大型 炼铝厂 ， 原 计划 １９９３ 年底 完工 投产 ， 现在 贸易 禁运 ， 已 使 该 合同 中止 ； 卡塔尔 和 沙特阿拉伯 两家 年产 共 约 ４０万吨 的 铝厂 建设 计划 现 也 已 被 推迟 。 此外 ， 聚氯乙烯 、 尿素 、 苯 和 乙烯 等 ， 由于 受 油价 猛涨 影响 ， 价格 也 分别 有 较大 提高 。９ 月初 西北欧 出口 的 聚氯乙烯 价 已 涨达 每吨 ６５０ — ６８０美元 ， 较 ８ 月初 上涨 了 约 ９ — １０％ ； 中东尿素 出口价 在 ８ 月底 涨 至 每吨 １２５ — １３５美元 ， 较 ７ 月底 上涨 了 ４ — １０％ ； 美国 出口 的 苯 和 乙烯 等 价格 也 都 有 较大 上涨 。 与此同时 ， 海湾 危机 的 爆发 ， 也 引起 或 加剧 了 一些 商品 价格 的 呆滞 或 下跌 。 主要 表现 在 以下 两个 方面 ： 一 是 有 的 商品 如 茶叶 等 ， 在 海湾 危机 爆发 后 ， 作为 主要 买主 的 伊拉克 （ １９８９年 进口 约 ３．７万吨 ） 在 国际市场 的 购 量 剧 减 。８ 月份 伦敦 市场 中下级 茶 拍卖价 继 今年 头 ７个 月 下跌 ４５％ 后 ， 又 再 跌 １４％。二 是 因 油价 猛涨 ， 西方 经济增长 将 明显 减缓 ， 市场 担心 需求 ， 首先 是 对 一些 原料 商品 的 需求 将 有 减缓 。 当然 ， 目前 国际市场 还有 许多 商品 其 市场 变化 与 海湾 危机 并无 多少 直接 的 联系 。 因此 ， 总 的 说来 ， 目前 海湾 局势 对 国际 商品 市场 的 影响 ， 还 并 不太 大 。 如 以 对 市场 反映 最为 敏感 的 世界 初级 产品 价格指数 的 变动 为 例 ， 世界 ２７种 主要 初级 产品 以 “ 特别提款权 ” 计算 的 平均价格指数 ， ８ 月份 与 ７ 月份 基本 持平 ， 并无 多大 变化 ， ９月 月中 以来 虽 有 上升 ， 但 主要 也 还是 受到 个别 一些 商品 价格 出现 较大 上涨 的 影响 。 目前 海湾 局势 仍然 紧张 ， 国际市场 一些 商品 的 价格 看来 还 将 继续 频繁 起伏 和 波动 。 而且 ， 随着 时间 的 推移 ， 海湾 危机 对 一些 商品 市场 的 影响 还 将 进一步 有所 加深 。 如 局势 进一步 严重 恶化 ， 预计 在 一个 时期 内 可能 还 将 有 更多 的 商品 价格 出现 更大 的 上涨 。'],Economy,Economy
1181,"### 今年外资企业出口增长快
",['今年 外资 企业 出口 增长 快 据 海关总署 统计 ， 今年 前 三个 季度 全国 外商 投资 企业 出口 达 ５０．８亿美元 ， 比 去年 同期 增长 ５７．８％ 。 目前 ， 外商 投资 企业 在 全国 出口额 中 所 占 的 比重 已 由 去年 同期 的 ８．９％ 上升 到 １２．３％ 。 外商 投资 企业 出口 的 主要 产品 为 收录机 、 电视机 、 钟表 、 电话机 等 机电产品 ， 以及 纺织品 、 服装 、 鞋 、 玩具 、 旅行 用品 和 食品 等 。'],Economy,Economy
1764,"### 四海赞誉北京亚运
",['四海 赞誉 北京 亚运 斯里兰卡 总统 ： 中国 值得 为 亚运会 自豪 据 新华 社科 伦坡 １０月１５日 电 （ 李政 、 侯桂莲 ） 斯里兰卡 总统 普雷马达萨 １１日 说 ， 中国 值得 为 亚运会 的 成功 而 自豪 。 这位 爱好 体育 的 总统 接见 在 亚运会 上 获奖 的 斯 运动员 时 说 ， 中国 不仅 成功 举办 了 亚运会 ， 而且 众多 的 运动员 创造 了 好成绩 ， 获得 了 巨大 的 胜利 。 中国 值得 为此 自豪 ！ 斯奥委会 主席 德·西尔瓦 在 接受 记者 采访 时 说 ， 中国 举办 的 这次 亚运会 很 成功 ， 一切 都 很好 。 开幕式 和 闭幕式 之 精彩 ， 令人神往 。 开幕式 是 他 所 见到 的 最好 的 一次 。 他 指出 ： “ 这次 亚运会 成功 的 根本 原因 ， 是 全体 中国 人民 、 各行各业 团结 得 像 一个人 、 一个 家庭 那样 工作 。 ” 斯田径协会 副会长 拉·阿尔维斯 认为 ， 北京亚运会 是 亚运史 上 组织 得 最好 的 一次 盛会 。 获 马拉松赛 第四名 的 卡鲁纳拉特 说 ， 这次 亚运会 是 一次 高水平 的 国际 大赛 ， 令人 难忘 的 开幕式 ， 不仅 规模 庞大 ， 而且 艺术性 很高 ， 这次 开幕式 是 亚运史 上 最 精彩 、 最 壮观 的 一次 。 墨西哥 总统 ： 祝贺 亚运会 圆满 成功 本报 墨西哥城 １０月１５日 电     记者 郭伟成 报道 ： 墨西哥 总统 萨利纳斯 今天 在 接见 中国 新任 驻 墨西哥 大使 黄士康 时 ， 热烈 祝贺 中国 主办 亚运会 取得 圆满 成功 。 萨利纳斯 总统 是 在 接受 黄士康 大使 递交 国书 后 ， 作出 上述 表示 的 。 他 与 黄士康 大使 进行 了 热情 友好 的 谈话 。 他 说 ： “ 中国 运动员 在 亚运会 上 取得 １８３枚 金牌 是 个 了不起 的 成就 ， 祝贺 中国 举办 了 一个 出色 的 亚运会 。 因为 体育运动 也有 深刻 的 社会 政治 意义 。 ” 萨利纳斯 总统 表示 ， 墨西哥 高度 重视 与 中国 的 关系 ， 决心 推动 两国 关系 不断 发展 。 黄士康 大使 向 萨利纳斯 总统 转达 了 杨尚昆 主席 的 问候 ， 以及 重申 对 萨利纳斯 总统 的 访华 邀请 ， 萨利纳斯 总统 表示 ， 他 将 在 双方 合适 的 时候 访华 ， 并 认为 这 对 两国 关系 的 不断 发展 有着 重要 意义 。 越南 体育 代表团 团长 ： 亚运会 体现 了 团结 友谊 进步 据 新华社 河内 １０月１８日 电 （ 记者 侯鹤祥 ） 参加 北京亚运会 的 越南 体育 代表团 团长 杨业志 今天 对 本社 记者 说 ， 中国 举办 的 第十一届 亚运会 取得 了 圆满 成功 。 杨业志 说 ， 这 届 亚运会 体现 了 团结 、 友谊 、 进步 的 精神 ， 给 越南 留下 了 深刻 的 印象 。 他 说 ， 我们 支持 亚运会 ， 希望 亚运会 成功 。 我们 也 得到 了 亚运会 组委会 和 有关部门 、 中国驻越南大使馆 的 尽力 帮助 ， 使 越南 体育 代表团 能够 经 友谊 关 去 北京 参加 亚运会 。 杨业志 称赞 组委会 和 亚运村 工作 人员 给予 越 代表团 以 热情 、 周到 、 公正 的 接待 和 照顾 。'],Sports,Sports
1010,"### 阿尔及利亚选出新议长
",['阿尔及利亚 选出 新 议长 阿尔及利亚全国人民 议会 四日 开会 选举 阿卜杜勒·阿齐兹·贝勒卡戴姆 为 新 议长 。 这次 议长 选举 是 在前 议长 拉巴·比塔特 三日 突然 宣布 辞职 后 紧急 举行 的 。 据悉 ， 比 塔特 是 由于 在 提前 举行 立法 选举 以及 政治 和 经济改革 等 问题 上 与 总统 沙德利 和 总理 哈姆鲁什 存在 分歧 而 宣布 辞职 的 。 贝勒卡戴姆 在此以前 曾 任 全国 人民 议会 副议长 、 议会 经济 委员会 主席 等 职务 。'],Politics,Politics
2106,"### 对亚运期间运用汉语拼音的看法
",['对 亚运 期间 运用 汉语拼音 的 看法 《 汉语拼音方案 》 代替 了 过去 由 外国人 设计 的 威妥玛式 邮政式 等 旧 拼法 ， 它 是 国际化 的 ， 又 是 民族 的 。 这次 亚运会 的 比赛 场馆 很多 ， 其中 有许多 是 用地 名 命名 的 ， 当然 ， 都 按 汉语拼音 来 拼写 。 所有 的 中国国家队 选手 的 姓名 ， 也 都是 用 汉语拼音 来 拼写 的 。 在 兴奋 之 余 ， 也 感到 有些 美中不足 。 那 就是 存在 一些 不 规范 的 情况 。 例如 ： Ｄ Ｅ Ｎ Ｇ ， ＹＡＰ Ｉ Ｎ Ｇ （ 邓亚萍 ） 和 ＣＨＥ Ｎ ， Ｃ ｕｉｔｉｎｇ （ 陈翠婷 ） 虽然 都 拼写 对 了 ， 但是 两个 名字 一个 大写 一个 小写 ， 不 相 一致 ； Ｙ Ａ Ｎ Ｇ ， Ｗ Ｅ Ｎ ， Ｙ Ｉ （ 杨文意 ） 在 姓 的 后面 加 了 逗号 ， 把 双名 分 写 了 ； Ｓ Ｈ Ｅ Ｎ ， Ｊ ． Ｑ ． （ 沈 坚强 ） 的 名字 用 缩写 字母 ， 在 姓 之后 ； 而 Ｇ ． Ｒ ． Ｘ Ｕ （ 许国荣 ） 的 运动衣 上面 ， 缩写 名字 却 在 姓 之 前 … … 希望 今后 在 进一步 扩大 汉语拼音 应用 范围 的 同时 ， 促进 拼写 的 规范化 和 标准化 。 ， ， ， ， ， ， ， ， ， ， ， ， ， ， ，   王均 ， 李乐毅'],Sports,Art
304,"### 《计算机世界》成立十年成绩斐然
",['《 计算机世界 》 成立 十年 成绩斐然 本报讯     中外 合资 创办 的 中国计算机世界出版服务公司 成立 十年来 ， 成绩斐然 。 由 该 公司 编辑 出版 的 《 计算机世界 》 周报 和 月刊 ， 十年间 向 国家 上交 的 各类 税金 合计 超过 中方 投资 总额 的 ５０多倍 ， 达 １０００万元 。 （ 国胜 ）'],Economy,Economy
408,"### 苏建议波罗的海为无核区
",['苏建议 波罗的海 为 无 核区 新华社 莫斯科 １０月１５日 电     苏联 外长 谢瓦尔德纳泽 １５日 在 最高 苏维埃 会议 上 作 外交部 工作报告 时 提出 ， 波罗的海 应 成为 无 核区 。 他 说 ， 苏联 “ 在 和平 时期 可以 不在 位于 波罗的海 水域 或 其 上空 的 苏联 军舰 和 飞机 上 部署 核武器 ” ， 但 西方 国家 必须 承担 其 携带 核武器 的 舰只 和 飞机 不 进入 波罗的海 的 义务 。 他 认为 ， 这 一 决定 “ 将 有助于 进一步 加强 整个 欧洲 ， 尤其 是 欧洲 北部 的 稳定 ” 。 苏联 外长 说 ， 苏联 已 单方面 承担 在 今年 年底 前 撤出 部署 在 波罗的海 的 所有 携带 弹道 核导弹 潜艇 的 义务 。 前几天 ， 苏联 已 撤出 了 最后 一艘 核潜艇 。'],Politics,Politics
1204,"### 故土之恋（图片）
",['故土之恋 ［ 中国画 ］     李义堂 作'],Art,Art
415,"### 温饱代替饥寒　荒原拓出绿洲  宁夏南部山区基本脱贫
",['温饱 代替 饥寒 ， 荒原 拓 出 绿洲 宁夏 南部 山区 基本 脱贫 本报 北京 １０月１１日 讯    记者 张书政 报道 ： 素有 “ 瘠 苦甲 于 天下 ” 之 称 的 宁夏 南部 山区 ， 回 、 汉 各族 群众 生产 、 生活 蒸蒸日上 。 从 该 地区 调查 研究 归来 的 全国人大常委会 委员 、 全国人大民族委员会 副主任 委员 李学智 高兴 地说 ： “ 前进 在 社会主义 道路 上 的 宁夏 南部 山区 ， 经过 建国后 ４０多年 的 建设 ， 已 基本上 改变 穷困 落后 的 面貌 ， 周总理 的 遗愿 实现 了 ！ ” 宁南 山区 包括 银南 地区 的 同心 、 盐池 两 县 和 固原地区 的 固原 、 海原 、 西吉 、 隆德 、 泾源 、 彭阳 ６ 县 ， 是 回族 聚居 地区 。 周恩来 总理 生前 十分 关心 宁南 山区 的 建设 。 改革 开放 后 ， 党中央 、 国务院 对 该 地区 脱贫致富 采取 了 切实 有力 的 措施 。 如今 ， 宁南 大地 的 山 、 水 、 人 、 田 ， 旧貌 换新颜 。 温饱 代替 饥寒 。 目前 ， 宁南 ８ 县 有 ６８％ 的 人 过 上 富裕 日子 ， 或 温饱 有余 ； ２０％ 的 人 生活 达到 “ 温饱型 ” ； 剩下 的 １２％ ， 约 ３．８万户 ， 虽 尚未 脱贫 ， 但 在 各级 政府 关怀 下 ， 生活 上 也有 了 较大 改善 。 去年 ， ８ 县 农民 人均 纯收入 达 ２１０元 ， 人均 占有 粮食 ２５２公斤 。 荒原 拓出 绿洲 。 自治区 党委 、 政府 注重 农田水利 建设 ， 同时 ， 组织 居住 在 “ 一方 土 难 养 一方 人 ” 的 高寒 山区 农民 移民 ， 到 引黄 灌区 的 大片 荒地 上 进行 开发性 建设 。 １９８３年 至今 ， 建成 移民乡 １５处 ， 安置 １６．７ 万人 ， 开荒 ４０多万亩 ， 亩均 产粮 １９０多公斤 。 一处 移民 乡 ， 就是 一片 绿洲 。 现在 ， 从 中卫县 南山 台子乡 到 固原县 七营镇 ， 百余公里 狭长 的 黄土高原 上 ， 田畴 交错 ， 林茂 粮丰 。 一批 古城镇 焕发 青春 。 宁南 ８ 县 星罗棋布 的 古城镇 处处 充满 生机 。 历史 上 丝绸之路 的 雄关 固原 山城 ， 解放 初 市容 破旧 ， 肩 挑 吃 水 ， 牛拉 赶集 。 如今 ， 幢幢 居民楼 拔地而起 ， 条条 柏油路 在 林荫 下 伸展 ， 水 、 电 畅通 ， 五业 兴旺 ， 成为 六盘 山区 政治 、 经济 、 文化 和 交通 的 中心 。 历史 悠久 的 同心 县城 同心镇 ， 是 西北 高原 上农 、 牧 、 手工业 商品 交换 的 集散地 。 现在 建起 商业 、 服务业 网点 百余个 ， 工商 农贸市场 规模 大 ， 闻名遐迩 。'],Agriculture,Agriculture